--
-- Create test data
--

DELETE FROM `student`;

INSERT INTO `student` (`id`, `name`, `surname`, `gender`)
VALUES
  (1, 'test_11', 'test_12', 'male'),
  (2, 'test_21', 'test_22', 'unknown'),
  (3, 'test_31', 'test_32', 'female'),
  (4, 'test_41', 'test_42', 'unknown'),
  (5, 'test_51', 'test_52', 'female'),
  (6, 'test_61', 'test_62', 'male'),
  (7, 'test_71', 'test_72', 'female'),
  (8, 'test_81', 'test_82', 'unknown'),
  (9, 'test_91', 'test_92', 'female');

DELETE FROM `student_status`;

INSERT INTO `student_status` (`student_id`, `status`, `datetime`)
VALUES
  ('1', 'new',      '2015-01-01 00:00:00'),
  ('1', 'studying', '2015-02-02 00:00:00'),
  ('1', 'testing',  '2015-03-03 00:00:00'),
  ('1', 'vacation', '2015-04-04 00:00:00'),
  ('1', 'studying', '2015-05-05 00:00:00'),
  ('1', 'lost',     '2015-06-06 00:00:00'),

  ('2', 'new',      '2013-02-01 00:00:00'),
  ('2', 'studying', '2015-03-01 00:00:00'),
  ('2', 'testing',  '2015-04-01 00:00:00'),
  ('2', 'vacation', '2015-05-01 00:00:00'),
  ('2', 'studying', '2015-06-01 00:00:00'),
  ('2', 'testing',  '2015-07-01 00:00:00'),
  ('2', 'vacation', '2015-08-01 00:00:00'),

  ('3', 'new',      '2013-01-01 00:00:00'),
  ('3', 'studying', '2013-04-01 00:00:00'),
  ('3', 'testing',  '2013-05-01 00:00:00'),
  ('3', 'vacation', '2013-06-02 00:00:00'),
  ('3', 'studying', '2014-09-02 00:00:00'),
  ('3', 'testing',  '2014-12-02 00:00:00'),
  ('3', 'vacation', '2015-01-01 00:00:00'),
  ('3', 'studying', '2015-02-02 00:00:00'),
  ('3', 'testing',  '2015-05-02 00:00:00'),

  ('4', 'new',      '2014-01-02 00:00:00'),
  ('4', 'studying', '2014-05-02 00:00:00'),
  ('4', 'testing',  '2014-06-02 00:00:00'),
  ('4', 'vacation', '2014-07-02 00:00:00'),
  ('4', 'studying', '2014-08-02 00:00:00'),
  ('4', 'testing',  '2015-09-02 00:00:00'),

  ('5', 'new',      '2015-01-02 00:00:00'),
  ('5', 'studying', '2015-02-02 00:00:00'),
  ('5', 'testing',  '2015-03-02 00:00:00'),
  ('5', 'vacation', '2015-04-02 00:00:00'),
  ('5', 'studying', '2015-05-02 00:00:00'),
  ('5', 'lost',     '2015-06-02 00:00:00'),

  ('6', 'new',      '2015-01-02 00:00:00'),
  ('6', 'studying', '2015-02-02 00:00:00'),
  ('6', 'testing',  '2015-03-02 00:00:00'),
  ('6', 'vacation', '2015-04-02 00:00:00'),

  ('7', 'new',      '2015-01-02 00:00:00'),
  ('7', 'studying', '2015-02-02 00:00:00'),

  ('8', 'new',      '2015-01-02 00:00:00'),
  ('8', 'studying', '2015-02-02 00:00:00'),
  ('8', 'testing',  '2015-03-02 00:00:00'),
  ('8', 'vacation', '2015-04-02 00:00:00'),

  ('9', 'new',      '2015-01-02 00:00:00'),
  ('9', 'studying', '2015-02-02 00:00:00'),
  ('9', 'lost',     '2015-03-02 00:00:00');

DELETE FROM `payments`;

INSERT INTO `payments` (`student_id`, `datetime`, `amount`) VALUES
  (1, '2015-01-01 00:00:00', 100),
  (1, '2015-02-01 00:00:00', 200),
  (1, '2015-03-01 00:00:00', 250),
  (1, '2015-04-01 00:00:00', 100),
  (1, '2015-04-01 00:00:00', 333),

  (2, '2015-01-01 00:00:00', 350),
  (2, '2015-02-02 00:00:00', 100),

  (3, '2015-01-01 00:00:00', 250),
  (3, '2015-02-02 00:00:00', 150),

  (4, '2015-01-01 00:00:00', 250),
  (4, '2015-02-02 00:00:00', 150),
  (4, '2015-03-01 00:00:00', 250),
  (4, '2015-04-02 00:00:00', 150),

  (5, '2015-01-01 00:00:00', 250),
  (5, '2015-02-02 00:00:00', 150),
  (5, '2015-02-01 00:00:00', 250),
  (5, '2015-03-01 00:00:00', 0),

  (6, '2015-01-02 00:00:00', 150),
  (6, '2015-02-01 00:00:00', 250),
  (6, '2015-03-02 00:00:00', 150),

  (7, '2015-04-01 00:00:00', 250),
  (7, '2015-05-02 00:00:00', 150),
  (7, '2015-06-01 00:00:00', 250),

  (8, '2015-01-02 00:00:00', 150),
  (8, '2015-02-01 00:00:00', 250),

  (9, '2015-01-01 00:00:00', 250),
  (9, '2015-02-02 00:00:00', 150);

